 858,  673,  992,  2104  ,839,  0,  0, 151 , 121 , 7 ,-11, -31 , -48 , -19 , 1036 ,-1100 ,-136 , -1001 
 855,  709,  1267,  2344  ,1132,  0,  0, 155 , 114 , 5 ,-13, -34 , -53 , 1 , 1054 ,-1134 ,-216 , -1013 
 876,  726,  1239,  2331  ,1221,  0,  0, 152 , 118 , 4 ,-6, -29 , -14 , -5 , 999 ,-1101 ,-346 , -964 
 858,  660,  856,  2097  ,830,  0,  0, 148 , 103 , 6 ,-19, -37 , -62 , 27 , 1063 ,-660 ,-282 , -950 
 866,  671,  944,  1893  ,1238,  0,  0, 152 , 66 , 7 ,-7, -58 , -50 , 4 , 1095 ,-809 ,-168 , -1042 
 878,  698,  1224,  2202  ,842,  0,  0, 152 , 137 , 5 ,-2, -11 , -18 , 9 , 983 ,-729 ,-112 , -1147 
 866,  677,  1006,  2178  ,874,  0,  0, 153 , 116 , 6 ,-10, -25 , -56 , -9 , 1060 ,-797 ,-100 , -1011 
 908,  1794,  1710,  1495  ,1211,  0,  0, 149 , 140 , 6 ,-1, -10 , -19 , 19 , 949 ,-741 ,-90 , -939 
 865,  670,  923,  2001  ,898,  0,  0, 156 , 110 , 5 ,-16, -35 , -59 , -44 , 1001 ,-687 ,-17 , -928 
 860,  664,  879,  2059  ,859,  0,  0, 155 , 104 , 6 ,-10, -38 , -52 , -12 , 983 ,-800 ,74 , -939 
 842,  654,  729,  1648  ,1503,  0,  0, 149 , 61 , 7 ,0, -61 , -51 , -18 , 986 ,-940 ,69 , -928 
 859,  677,  921,  2202  ,1056,  0,  0, 152 , 112 , 4 ,-26, -31 , -56 , -96 , 1014 ,-1095 ,-50 , -960 
 878,  963,  1414,  2337  ,1190,  0,  0, 152 , 131 , 4 ,-10, -20 , -26 , -13 , 982 ,-1096 ,-103 , -965 
 870,  706,  1240,  2258  ,979,  0,  0, 154 , 125 , 6 ,2, -33 , -23 , -32 , 992 ,-1115 ,-157 , -1009 
 859,  710,  1356,  2464  ,1284,  0,  0, 151 , 119 , 6 ,-2, -21 , -28 , 7 , 1103 ,-1139 ,-283 , -978 
 868,  701,  1020,  2101  ,947,  0,  0, 146 , 91 , 6 ,-7, -39 , 0 , -29 , 936 ,-929 ,-405 , -974 
 857,  675,  1294,  2128  ,1162,  0,  0, 156 , 123 , 5 ,-15, -27 , -67 , -27 , 1015 ,-705 ,-144 , -962 
 864,  669,  736,  1880  ,1036,  0,  0, 146 , 64 , 5 ,-8, -55 , -39 , -5 , 1022 ,-724 ,-186 , -1106 
 874,  670,  805,  2118  ,875,  0,  0, 158 , 129 , 7 ,0, -31 , -36 , -48 , 1000 ,-799 ,-105 , -1093 
 881,  1232,  1610,  1921  ,1146,  0,  0, 156 , 128 , 5 ,-4, -24 , -18 , -47 , 1010 ,-762 ,-101 , -966 
 871,  1179,  1122,  1738  ,876,  0,  0, 155 , 124 , 6 ,-1, -27 , -50 , -16 , 1008 ,-691 ,-71 , -937 
 868,  688,  1105,  2152  ,849,  0,  0, 158 , 98 , 7 ,-2, -39 , -35 , 20 , 947 ,-745 ,42 , -944 
 843,  658,  870,  2013  ,1169,  0,  0, 158 , 132 , 2 ,-9, -23 , -60 , 0 , 1048 ,-865 ,89 , -940 
 853,  648,  712,  1859  ,1083,  0,  0, 143 , 58 , 7 ,-2, -53 , -30 , -3 , 1042 ,-1044 ,0 , -957 
 881,  1233,  1775,  2215  ,1452,  0,  0, 154 , 136 , 3 ,-19, -14 , -41 , -27 , 1064 ,-1101 ,-84 , -971 
 872,  684,  935,  2121  ,858,  0,  0, 153 , 128 , 5 ,-19, -19 , -34 , -43 , 991 ,-1098 ,-130 , -989 
 860,  709,  1199,  2226  ,1199,  0,  0, 153 , 108 , 6 ,1, -36 , -40 , -56 , 1010 ,-1128 ,-224 , -1008 
 880,  735,  1267,  2288  ,1201,  0,  0, 155 , 115 , 5 ,-16, -35 , -37 , -47 , 1002 ,-1077 ,-360 , -963 
 866,  674,  989,  2128  ,839,  0,  0, 147 , 112 , 6 ,-6, -25 , -28 , -3 , 998 ,-651 ,-254 , -952 
 859,  650,  789,  1726  ,1381,  0,  0, 153 , 58 , 6 ,-16, -66 , -66 , 0 , 1052 ,-807 ,-181 , -1059 
 874,  696,  1271,  2200  ,852,  0,  0, 151 , 140 , 4 ,-10, -4 , -30 , 3 , 1053 ,-740 ,-106 , -1143 
 867,  681,  1068,  2201  ,1002,  0,  0, 155 , 117 , 5 ,-3, -26 , -21 , 26 , 982 ,-799 ,-108 , -1021 
 897,  1714,  1659,  1489  ,1162,  0,  0, 146 , 143 , 3 ,-18, -1 , -43 , 35 , 1061 ,-729 ,-93 , -947 
 841,  644,  806,  2094  ,842,  0,  0, 159 , 103 , 8 ,-8, -37 , -64 , -11 , 1022 ,-683 ,-15 , -936 
 868,  665,  867,  2085  ,856,  0,  0, 155 , 110 , 6 ,-8, -34 , -46 , -12 , 1002 ,-804 ,81 , -941 
 846,  657,  742,  1654  ,1443,  0,  0, 148 , 60 , 8 ,3, -72 , -48 , -110 , 957 ,-938 ,68 , -934 
 868,  738,  1311,  2370  ,1140,  0,  0, 152 , 111 , 4 ,-18, -29 , -30 , 4 , 1011 ,-1088 ,-56 , -959 
 868,  1091,  1530,  2179  ,1176,  0,  0, 150 , 131 , 6 ,-2, -12 , -23 , -18 , 1029 ,-1094 ,-113 , -984 
 871,  744,  1314,  2256  ,962,  0,  0, 156 , 125 , 3 ,-13, -22 , -43 , -3 , 1034 ,-1115 ,-167 , -1015 
 874,  731,  1390,  2452  ,1282,  0,  0, 152 , 124 , 5 ,-5, -27 , -30 , -16 , 1004 ,-1129 ,-293 , -989 
 861,  674,  866,  2099  ,942,  0,  0, 151 , 80 , 7 ,2, -46 , -4 , 14 , 936 ,-895 ,-402 , -975 
 868,  671,  990,  1938  ,1204,  0,  0, 155 , 121 , 5 ,-12, -30 , -44 , -10 , 1010 ,-726 ,-124 , -971 
 872,  684,  895,  2139  ,870,  0,  0, 147 , 82 , 5 ,-9, -42 , -29 , -7 , 1016 ,-709 ,-168 , -1128 
 875,  677,  894,  2152  ,866,  0,  0, 156 , 126 , 5 ,-10, -21 , -40 , 6 , 1058 ,-792 ,-100 , -1090 
 882,  1247,  1785,  2020  ,1159,  0,  0, 158 , 137 , 4 ,-10, -16 , -53 , -1 , 1067 ,-750 ,-104 , -965 
 861,  889,  1120,  2082  ,834,  0,  0, 156 , 113 , 7 ,4, -36 , -25 , -2 , 957 ,-694 ,-56 , -938 
 863,  660,  824,  2032  ,897,  0,  0, 157 , 107 , 8 ,0, -36 , -31 , -43 , 916 ,-743 ,53 , -940 
 865,  739,  1424,  2021  ,1307,  0,  0, 162 , 121 , 5 ,-22, -30 , -59 , -22 , 1017 ,-882 ,88 , -945 
 874,  676,  981,  1917  ,1100,  0,  0, 151 , 77 , 3 ,-22, -38 , -52 , 20 , 1087 ,-1069 ,-21 , -951 
 866,  1158,  1767,  2271  ,1460,  0,  0, 155 , 134 , 7 ,-1, -25 , -47 , -30 , 1029 ,-1089 ,-89 , -966 
 880,  700,  1012,  2222  ,864,  0,  0, 153 , 132 , 4 ,-19, -14 , -35 , 33 , 1042 ,-1096 ,-141 , -998 
 863,  703,  1236,  2388  ,1279,  0,  0, 155 , 112 , 7 ,-2, -36 , -58 , -14 , 1098 ,-1128 ,-246 , -1003 
 862,  687,  1057,  2191  ,1064,  0,  0, 152 , 93 , 6 ,-1, -47 , -55 , 6 , 1068 ,-995 ,-384 , -970 
 873,  674,  877,  2128  ,861,  0,  0, 155 , 136 , 3 ,-17, -8 , -37 , 48 , 1070 ,-661 ,-165 , -948 
 839,  639,  720,  1845  ,1188,  0,  0, 154 , 50 , 9 ,0, -70 , -55 , -27 , 1064 ,-764 ,-189 , -1091 
 877,  686,  1140,  2225  ,845,  0,  0, 159 , 145 , 4 ,-11, -13 , -39 , -5 , 1026 ,-765 ,-97 , -1122 
 873,  966,  1428,  2138  ,1270,  0,  0, 156 , 112 , 6 ,-2, -27 , -14 , -26 , 939 ,-763 ,-103 , -979 
 878,  1375,  1137,  1518  ,830,  0,  0, 146 , 129 , 6 ,-11, -19 , -47 , -30 , 1054 ,-707 ,-91 , -933 
 864,  671,  1006,  2177  ,870,  0,  0, 156 , 108 , 6 ,-20, -33 , -75 , 1 , 1086 ,-700 ,20 , -934 
 861,  670,  934,  2142  ,831,  0,  0, 156 , 129 , 5 ,-8, -15 , -50 , 28 , 1040 ,-839 ,90 , -946 
 845,  650,  711,  1662  ,1538,  0,  0, 145 , 42 , 7 ,-12, -62 , -55 , 30 , 1028 ,-978 ,39 , -942 
 873,  890,  1592,  2436  ,1280,  0,  0, 152 , 137 , 6 ,3, -12 , -24 , -3 , 1055 ,-1096 ,-66 , -965 
 872,  688,  1048,  2192  ,846,  0,  0, 153 , 118 , 7 ,-14, -27 , -39 , -65 , 1028 ,-1084 ,-129 , -987 
 869,  720,  1298,  2323  ,1078,  0,  0, 155 , 121 , 5 ,-17, -25 , -66 , -6 , 1057 ,-1114 ,-185 , -1018 
 878,  775,  1510,  2449  ,1184,  0,  0, 153 , 136 , 5 ,-11, -14 , -40 , 5 , 1072 ,-1117 ,-328 , -972 
 848,  654,  927,  2046  ,907,  0,  0, 148 , 79 , 7 ,5, -49 , -27 , -13 , 1038 ,-743 ,-363 , -974 
 865,  663,  928,  1840  ,1318,  0,  0, 156 , 85 , 6 ,-8, -52 , -31 , -20 , 1002 ,-785 ,-135 , -996 
 864,  686,  1125,  2212  ,836,  0,  0, 151 , 115 , 5 ,-5, -27 , -37 , 39 , 1034 ,-696 ,-129 , -1139 
 858,  679,  1135,  2223  ,838,  0,  0, 156 , 120 , 5 ,-14, -34 , -69 , -24 , 1012 ,-790 ,-103 , -1036 
 895,  1753,  1828,  1634  ,1276,  0,  0, 154 , 142 , 3 ,-9, -11 , -42 , 13 , 1097 ,-732 ,-96 , -947 
 858,  680,  1110,  2167  ,828,  0,  0, 158 , 114 , 7 ,-3, -38 , -58 , 7 , 1053 ,-681 ,-25 , -923 
 858,  660,  971,  2145  ,858,  0,  0, 158 , 106 , 6 ,-6, -40 , -34 , -45 , 1014 ,-793 ,73 , -944 
 847,  666,  745,  1968  ,1169,  0,  0, 149 , 79 , 7 ,0, -58 , -50 , -73 , 1004 ,-915 ,76 , -938 
 850,  654,  906,  2152  ,886,  0,  0, 152 , 104 , 6 ,0, -35 , -46 , -17 , 1032 ,-1076 ,-39 , -961 
 882,  1025,  1575,  2389  ,1256,  0,  0, 152 , 124 , 6 ,-10, -15 , -27 , 12 , 1042 ,-1086 ,-111 , -976 
 876,  690,  896,  2107  ,1046,  0,  0, 155 , 132 , 6 ,-9, -24 , -39 , -15 , 1005 ,-1104 ,-151 , -1000 
 878,  751,  1385,  2431  ,1198,  0,  0, 150 , 122 , 6 ,-5, -21 , -29 , -15 , 996 ,-1121 ,-275 , -999 
 873,  690,  959,  2140  ,1019,  0,  0, 152 , 84 , 6 ,-12, -55 , -17 , -23 , 1004 ,-943 ,-406 , -986 
 868,  672,  960,  2053  ,1031,  0,  0, 153 , 132 , 4 ,-12, -19 , -50 , -43 , 1002 ,-693 ,-124 , -952 
 867,  670,  784,  1823  ,1117,  0,  0, 151 , 55 , 6 ,-28, -62 , -54 , 0 , 1044 ,-720 ,-181 , -1107 
 880,  708,  1402,  2296  ,839,  0,  0, 159 , 140 , 4 ,-9, -24 , -39 , -29 , 1015 ,-782 ,-97 , -1096 
 874,  1120,  1570,  2014  ,1246,  0,  0, 155 , 122 , 5 ,-13, -18 , -38 , 22 , 1011 ,-762 ,-102 , -971 
 882,  1224,  1162,  1716  ,838,  0,  0, 156 , 134 , 5 ,-8, -16 , -42 , -14 , 1003 ,-695 ,-73 , -924 
 854,  661,  968,  2175  ,837,  0,  0, 159 , 92 , 7 ,-18, -42 , -50 , -41 , 1060 ,-727 ,41 , -937 
 846,  658,  872,  2002  ,1153,  0,  0, 159 , 135 , 3 ,-11, -15 , -58 , -2 , 1065 ,-858 ,92 , -939 
 870,  666,  746,  1765  ,1182,  0,  0, 141 , 58 , 6 ,-17, -52 , -34 , -29 , 1046 ,-1020 ,15 , -939 
 870,  1210,  1773,  2255  ,1504,  0,  0, 154 , 129 , 6 ,6, -19 , -20 , -12 , 1003 ,-1087 ,-83 , -963 
 872,  684,  989,  2208  ,849,  0,  0, 153 , 124 , 7 ,-5, -21 , -29 , 4 , 981 ,-1090 ,-136 , -986 
 868,  742,  1356,  2338  ,1121,  0,  0, 156 , 121 , 6 ,-6, -30 , -22 , -16 , 1032 ,-1137 ,-215 , -1008 
 879,  953,  1485,  2265  ,1049,  0,  0, 156 , 115 , 5 ,-13, -36 , -48 , 0 , 1067 ,-1075 ,-362 , -970 
 870,  684,  1172,  2228  ,828,  0,  0, 153 , 114 , 5 ,-19, -24 , -45 , -16 , 1011 ,-650 ,-263 , -954 
 881,  1166,  1574,  2146  ,850,  0,  0, 159 , 128 , 5 ,-7, -20 , -18 , -11 , 965 ,-699 ,-86 , -918 
 864,  689,  1215,  2204  ,854,  0,  0, 161 , 114 , 6 ,-7, -34 , -62 , -9 , 1016 ,-699 ,25 , -935 
 877,  685,  1066,  2144  ,832,  0,  0, 155 , 131 , 4 ,-12, -17 , -46 , -10 , 1019 ,-829 ,94 , -934 
 838,  651,  697,  1938  ,1233,  0,  0, 149 , 48 , 7 ,2, -66 , -32 , -20 , 969 ,-978 ,47 , -933 
 874,  1031,  1324,  2147  ,1431,  0,  0, 152 , 120 , 5 ,-13, -28 , -39 , -28 , 996 ,-1085 ,-61 , -953 
 875,  996,  1399,  2141  ,889,  0,  0, 155 , 139 , 6 ,-8, -14 , -26 , -14 , 1024 ,-1088 ,-119 , -977 
 868,  692,  1049,  2160  ,1074,  0,  0, 155 , 111 , 5 ,-21, -32 , -56 , -23 , 1075 ,-1127 ,-178 , -1005 
 888,  775,  1506,  2410  ,1226,  0,  0, 154 , 138 , 3 ,-27, -10 , -35 , -28 , 1066 ,-1106 ,-313 , -965 
 855,  661,  927,  2051  ,876,  0,  0, 150 , 79 , 8 ,14, -52 , -12 , -11 , 938 ,-744 ,-349 , -967 
 865,  730,  1284,  1872  ,1392,  0,  0, 158 , 93 , 7 ,-8, -51 , -44 , -62 , 1002 ,-779 ,-153 , -1011 
 880,  688,  951,  2156  ,860,  0,  0, 152 , 113 , 4 ,-22, -21 , -40 , 29 , 1042 ,-711 ,-121 , -1140 
 875,  685,  1003,  2148  ,860,  0,  0, 156 , 126 , 4 ,-25, -17 , -48 , -1 , 1047 ,-793 ,-100 , -1030 
 894,  1808,  1499,  1398  ,1291,  0,  0, 144 , 134 , 5 ,-11, -3 , -27 , 12 , 1011 ,-733 ,-92 , -949 
 869,  692,  1030,  2104  ,890,  0,  0, 157 , 109 , 8 ,-8, -39 , -33 , -59 , 971 ,-680 ,-33 , -923 
 860,  666,  891,  2102  ,851,  0,  0, 159 , 106 , 6 ,-20, -35 , -77 , 0 , 1102 ,-763 ,76 , -927 
 850,  663,  743,  1670  ,1370,  0,  0, 150 , 84 , 7 ,-7, -58 , -40 , -22 , 1010 ,-884 ,89 , -932 
 866,  673,  935,  2187  ,907,  0,  0, 151 , 108 , 5 ,-13, -31 , -16 , -20 , 1013 ,-1071 ,-24 , -953 
 866,  992,  1588,  2408  ,1294,  0,  0, 153 , 115 , 6 ,-2, -25 , -23 , -1 , 1022 ,-1075 ,-96 , -963 
 878,  698,  867,  2135  ,984,  0,  0, 154 , 142 , 5 ,-6, -12 , -25 , 26 , 1050 ,-1099 ,-147 , -1002 
 868,  720,  1348,  2318  ,1186,  0,  0, 152 , 111 , 7 ,8, -37 , -10 , -23 , 966 ,-1116 ,-264 , -983 
 872,  679,  1014,  2172  ,1053,  0,  0, 153 , 92 , 7 ,-3, -49 , -29 , -37 , 1009 ,-961 ,-387 , -963 
 880,  732,  1580,  2290  ,1006,  0,  0, 153 , 137 , 4 ,-14, -16 , -32 , 28 , 1033 ,-660 ,-160 , -953 
 855,  654,  706,  1771  ,1193,  0,  0, 148 , 53 , 8 ,-12, -67 , -60 , -5 , 1067 ,-735 ,-189 , -1100 
 889,  704,  1302,  2277  ,854,  0,  0, 158 , 134 , 5 ,-21, -16 , -48 , 9 , 1038 ,-766 ,-96 , -1107 
 880,  1097,  1386,  2036  ,1432,  0,  0, 154 , 112 , 5 ,-10, -21 , -42 , -1 , 1092 ,-768 ,-104 , -972 
 882,  1333,  1057,  1512  ,869,  0,  0, 144 , 128 , 4 ,1, -13 , -41 , -3 , 996 ,-691 ,-84 , -921 
 861,  663,  908,  2056  ,885,  0,  0, 156 , 97 , 8 ,-7, -44 , -79 , 11 , 1045 ,-701 ,33 , -931 
 874,  729,  1466,  2348  ,825,  0,  0, 155 , 137 , 4 ,5, -10 , 6 , -34 , 990 ,-851 ,92 , -936 
 857,  657,  782,  1684  ,1515,  0,  0, 151 , 49 , 6 ,-18, -72 , -56 , -22 , 1053 ,-998 ,32 , -932 
 875,  991,  1563,  2442  ,1354,  0,  0, 152 , 136 , 6 ,6, -11 , 5 , -9 , 934 ,-1088 ,-70 , -962 
 864,  676,  1034,  2215  ,834,  0,  0, 152 , 121 , 6 ,-1, -30 , -4 , -18 , 976 ,-1088 ,-135 , -980 
 854,  718,  1312,  2326  ,1101,  0,  0, 156 , 119 , 5 ,-6, -37 , -57 , -28 , 1010 ,-1122 ,-194 , -1013 
 882,  807,  1474,  2341  ,1262,  0,  0, 152 , 131 , 5 ,-7, -16 , -31 , 5 , 1044 ,-1091 ,-330 , -963 
 858,  668,  1023,  2159  ,828,  0,  0, 151 , 89 , 6 ,8, -40 , 8 , -13 , 922 ,-715 ,-310 , -958 
 863,  662,  892,  1796  ,1332,  0,  0, 154 , 72 , 7 ,-14, -56 , -38 , -17 , 1040 ,-802 ,-173 , -1044 
 884,  702,  1200,  2238  ,849,  0,  0, 156 , 132 , 5 ,0, -10 , -20 , 42 , 1052 ,-709 ,-111 , -1142 
 862,  676,  1065,  2199  ,829,  0,  0, 154 , 117 , 7 ,-5, -27 , -31 , 3 , 1176 ,-778 ,-105 , -1007 
 890,  1299,  1814,  2072  ,1153,  0,  0, 160 , 140 , 5 ,-9, -18 , -30 , 9 , 1017 ,-718 ,-104 , -933 
 857,  663,  1002,  2118  ,845,  0,  0, 157 , 122 , 7 ,0, -27 , -59 , -31 , 1044 ,-683 ,-4 , -931 
 867,  666,  872,  2118  ,840,  0,  0, 158 , 110 , 5 ,-17, -29 , -51 , 16 , 1056 ,-798 ,83 , -928 
 852,  665,  701,  1725  ,1395,  0,  0, 148 , 58 , 7 ,-11, -71 , -60 , -49 , 1034 ,-920 ,73 , -926 
 846,  681,  1008,  2246  ,1134,  0,  0, 154 , 116 , 5 ,-11, -20 , -52 , 20 , 1079 ,-1068 ,-48 , -957 
 878,  970,  1390,  2310  ,1038,  0,  0, 155 , 132 , 5 ,-4, -15 , -10 , 0 , 1010 ,-1084 ,-118 , -976 
 876,  696,  956,  2177  ,1056,  0,  0, 157 , 124 , 6 ,-10, -22 , -43 , 2 , 1045 ,-1110 ,-166 , -1009 
 882,  744,  1442,  2391  ,1298,  0,  0, 156 , 132 , 4 ,1, -20 , 12 , -55 , 934 ,-1121 ,-304 , -985 
 850,  653,  866,  2088  ,908,  0,  0, 152 , 78 , 8 ,-10, -52 , -61 , -41 , 1100 ,-835 ,-392 , -978 
 872,  752,  1477,  2013  ,1317,  0,  0, 157 , 118 , 6 ,-11, -32 , -44 , 6 , 1095 ,-743 ,-148 , -988 
 875,  682,  847,  2090  ,903,  0,  0, 148 , 87 , 5 ,-3, -39 , -26 , 44 , 1000 ,-702 ,-157 , -1141 
 875,  683,  1087,  2183  ,850,  0,  0, 158 , 133 , 5 ,-4, -16 , -29 , -6 , 981 ,-786 ,-97 , -1064 
 886,  1099,  1981,  2363  ,1069,  0,  0, 158 , 142 , 6 ,2, -15 , -7 , 12 , 961 ,-746 ,-105 , -952 
 857,  663,  1005,  2168  ,824,  0,  0, 158 , 109 , 8 ,-5, -39 , -71 , -2 , 1108 ,-679 ,-37 , -919 
 865,  665,  958,  1973  ,916,  0,  0, 159 , 100 , 7 ,-3, -37 , -46 , -11 , 982 ,-756 ,70 , -938 
 860,  673,  937,  1727  ,1473,  0,  0, 154 , 103 , 6 ,-15, -40 , -39 , -21 , 1023 ,-889 ,90 , -941 
 867,  666,  807,  2046  ,895,  0,  0, 151 , 91 , 4 ,-10, -36 , -29 , -8 , 976 ,-1062 ,-24 , -958 
 887,  1289,  1780,  2164  ,1491,  0,  0, 154 , 137 , 4 ,-22, -14 , -45 , -26 , 1068 ,-1084 ,-96 , -966 
 866,  701,  1108,  2217  ,857,  0,  0, 156 , 130 , 6 ,-12, -17 , -43 , -2 , 1077 ,-1093 ,-142 , -988 
 882,  776,  1329,  2337  ,1272,  0,  0, 156 , 109 , 4 ,-24, -33 , -48 , -11 , 1072 ,-1125 ,-258 , -988 
 874,  738,  1095,  2220  ,996,  0,  0, 154 , 100 , 6 ,-2, -39 , -20 , 9 , 987 ,-978 ,-385 , -964 
 868,  760,  1611,  2313  ,989,  0,  0, 158 , 135 , 7 ,12, -24 , -9 , -48 , 998 ,-673 ,-199 , -959 
 867,  664,  705,  1778  ,1143,  0,  0, 152 , 63 , 8 ,-8, -56 , -46 , -2 , 1050 ,-721 ,-186 , -1111 
 880,  918,  1648,  2359  ,854,  0,  0, 159 , 142 , 3 ,-13, -14 , -42 , 2 , 1055 ,-769 ,-95 , -1080 
 874,  1245,  1490,  1916  ,1338,  0,  0, 156 , 108 , 6 ,-15, -29 , -56 , -1 , 1080 ,-749 ,-103 , -954 
 885,  1203,  1010,  1632  ,920,  0,  0, 149 , 122 , 6 ,-1, -27 , -47 , -11 , 984 ,-689 ,-80 , -921 
 873,  688,  1126,  2136  ,880,  0,  0, 159 , 101 , 6 ,0, -49 , -35 , -63 , 918 ,-706 ,46 , -924 
 849,  671,  962,  2096  ,1142,  0,  0, 162 , 132 , 4 ,0, -25 , -39 , -28 , 1031 ,-847 ,91 , -932 
 868,  669,  808,  1995  ,1013,  0,  0, 145 , 58 , 6 ,-17, -62 , -39 , -21 , 1016 ,-1027 ,11 , -939 
 880,  1087,  1802,  2410  ,1378,  0,  0, 157 , 147 , 3 ,-8, -6 , -30 , 5 , 1043 ,-1089 ,-82 , -964 
 872,  682,  904,  2150  ,860,  0,  0, 156 , 126 , 4 ,-23, -19 , -50 , -25 , 1045 ,-1083 ,-139 , -992 
 864,  694,  1174,  2335  ,1311,  0,  0, 157 , 112 , 5 ,-8, -31 , -36 , 41 , 1029 ,-1117 ,-232 , -1013 
 891,  1201,  1607,  2286  ,947,  0,  0, 157 , 115 , 6 ,-16, -30 , -12 , -14 , 1014 ,-1038 ,-382 , -972 
 869,  691,  1286,  2266  ,827,  0,  0, 151 , 115 , 6 ,2, -28 , -16 , -8 , 1027 ,-651 ,-231 , -958 
 859,  660,  845,  1756  ,1336,  0,  0, 155 , 59 , 7 ,-11, -68 , -57 , -4 , 1038 ,-770 ,-195 , -1075 
 892,  738,  1345,  2225  ,876,  0,  0, 157 , 145 , 4 ,-2, -12 , -16 , 10 , 978 ,-747 ,-103 , -1131 
 852,  814,  1184,  2186  ,1255,  0,  0, 156 , 106 , 8 ,12, -36 , -27 , -28 , 1011 ,-768 ,-107 , -976 
 928,  1611,  1372,  1440  ,850,  0,  0, 159 , 147 , 5 ,-7, -12 , -47 , 8 , 975 ,-705 ,-84 , -934 
 871,  677,  948,  2102  ,878,  0,  0, 157 , 100 , 6 ,-15, -33 , -65 , 8 , 1067 ,-689 ,18 , -936 
 867,  671,  987,  2169  ,870,  0,  0, 158 , 138 , 2 ,-15, -18 , -46 , -8 , 1032 ,-831 ,88 , -936 
 832,  647,  739,  2062  ,1038,  0,  0, 145 , 41 , 9 ,-1, -66 , -53 , -20 , 1074 ,-1000 ,23 , -943 
 874,  1228,  1553,  2041  ,1504,  0,  0, 156 , 127 , 6 ,-5, -24 , -22 , -21 , 1044 ,-1086 ,-79 , -968 
 874,  767,  1248,  2248  ,846,  0,  0, 153 , 137 , 4 ,-11, -12 , -45 , -3 , 1054 ,-1085 ,-128 , -985 
 856,  679,  1093,  2242  ,1127,  0,  0, 156 , 111 , 7 ,0, -36 , -41 , -5 , 1009 ,-1109 ,-192 , -1013 
 878,  742,  1397,  2390  ,1180,  0,  0, 154 , 130 , 5 ,-2, -25 , -47 , -19 , 1055 ,-1104 ,-329 , -964 
 847,  646,  905,  2152  ,816,  0,  0, 151 , 90 , 6 ,-9, -38 , -56 , 13 , 1024 ,-709 ,-348 , -970 
 870,  666,  876,  1862  ,1276,  0,  0, 153 , 78 , 5 ,-9, -62 , -41 , -25 , 1046 ,-775 ,-141 , -1012 
 868,  684,  1133,  2240  ,832,  0,  0, 156 , 127 , 4 ,-1, -17 , -26 , 15 , 991 ,-704 ,-112 , -1134 
 870,  685,  1103,  2211  ,831,  0,  0, 157 , 118 , 6 ,11, -23 , -34 , 29 , 912 ,-784 ,-106 , -1017 
 874,  670,  837,  2062  ,863,  0,  0, 157 , 106 , 5 ,-12, -32 , -40 , 5 , 976 ,-798 ,80 , -939 
 849,  658,  739,  1628  ,1475,  0,  0, 150 , 60 , 6 ,-10, -64 , -45 , -71 , 1054 ,-930 ,63 , -931 
 886,  831,  1535,  2464  ,1159,  0,  0, 154 , 131 , 3 ,-9, -16 , -21 , -5 , 1003 ,-1103 ,-311 , -970 
 857,  674,  916,  2033  ,913,  0,  0, 154 , 81 , 7 ,-16, -50 , -65 , -3 , 1048 ,-818 ,-391 , -969 
 872,  742,  1398,  2080  ,1321,  0,  0, 159 , 113 , 5 ,-5, -34 , -48 , 13 , 1059 ,-750 ,-149 , -991 
 881,  683,  757,  2069  ,877,  0,  0, 153 , 99 , 5 ,3, -37 , -21 , -43 , 1000 ,-696 ,-146 , -1138 
 874,  671,  823,  2096  ,863,  0,  0, 156 , 124 , 6 ,6, -25 , -17 , -48 , 953 ,-789 ,-99 , -1053 
 888,  1524,  2044,  1922  ,1148,  0,  0, 159 , 141 , 3 ,-22, -6 , -32 , -16 , 1052 ,-736 ,-102 , -948 
 866,  676,  1047,  2133  ,871,  0,  0, 158 , 111 , 7 ,-14, -37 , -62 , -4 , 1064 ,-675 ,-36 , -926 
 895,  809,  1458,  2455  ,1105,  0,  0, 155 , 118 , 4 ,-36, -21 , -38 , -15 , 1036 ,-1107 ,-281 , -991 
 868,  670,  866,  2139  ,1008,  0,  0, 151 , 92 , 6 ,-1, -41 , -18 , -20 , 976 ,-954 ,-397 , -972 
 877,  718,  1539,  2219  ,1127,  0,  0, 159 , 127 , 6 ,-27, -23 , -47 , 8 , 1057 ,-680 ,-154 , -967 
 876,  674,  752,  1847  ,1099,  0,  0, 152 , 63 , 6 ,-17, -57 , -35 , 66 , 1077 ,-734 ,-185 , -1124 
 879,  719,  1419,  2291  ,842,  0,  0, 161 , 136 , 4 ,-7, -18 , -34 , -10 , 1056 ,-775 ,-96 , -1072 
 882,  1262,  1510,  1895  ,1166,  0,  0, 158 , 131 , 5 ,-4, -19 , -39 , -14 , 1057 ,-753 ,-103 , -958 
 878,  1051,  1163,  1946  ,834,  0,  0, 161 , 124 , 7 ,-15, -25 , -37 , -26 , 1062 ,-677 ,-52 , -924 
 867,  690,  1087,  2163  ,856,  0,  0, 159 , 103 , 6 ,-14, -38 , -47 , 7 , 999 ,-732 ,60 , -927 
 854,  674,  945,  1810  ,1396,  0,  0, 158 , 114 , 5 ,-7, -30 , -48 , -4 , 1024 ,-864 ,87 , -929 
 884,  681,  808,  2033  ,928,  0,  0, 150 , 83 , 5 ,-2, -40 , 4 , -11 , 917 ,-1057 ,-12 , -958 
 885,  1326,  1929,  2098  ,1558,  0,  0, 156 , 137 , 5 ,4, -15 , -15 , -3 , 975 ,-1089 ,-94 , -966 
 882,  756,  1204,  2228  ,850,  0,  0, 154 , 127 , 5 ,-11, -22 , -14 , -1 , 948 ,-1087 ,-144 , -993 
 876,  778,  1321,  2325  ,1212,  0,  0, 155 , 110 , 6 ,-25, -33 , -40 , 2 , 1022 ,-1134 ,-263 , -1003 
 884,  760,  1090,  2094  ,1004,  0,  0, 153 , 98 , 6 ,-7, -39 , -25 , -40 , 979 ,-1003 ,-388 , -971 
 878,  733,  1596,  2402  ,830,  0,  0, 154 , 136 , 5 ,1, -13 , -1 , 4 , 1018 ,-663 ,-188 , -956 
 860,  661,  712,  1746  ,1292,  0,  0, 153 , 59 , 7 ,-4, -67 , -33 , -1 , 982 ,-736 ,-189 , -1097 
 881,  771,  1523,  2333  ,847,  0,  0, 159 , 145 , 3 ,-11, -11 , -46 , 37 , 1061 ,-761 ,-98 , -1115 
 867,  1066,  1342,  2032  ,1279,  0,  0, 156 , 100 , 6 ,-11, -40 , -58 , -46 , 1003 ,-767 ,-107 , -978 
 881,  1346,  1042,  1529  ,846,  0,  0, 143 , 130 , 4 ,1, -8 , -19 , -1 , 1059 ,-698 ,-91 , -936 
 866,  664,  835,  2033  ,898,  0,  0, 155 , 104 , 7 ,-4, -44 , -69 , -65 , 999 ,-680 ,20 , -930 
 871,  683,  1097,  2229  ,845,  0,  0, 158 , 137 , 4 ,-3, -12 , -10 , 4 , 949 ,-837 ,91 , -934 
 842,  647,  660,  1731  ,1412,  0,  0, 145 , 41 , 7 ,-12, -72 , -44 , -31 , 1027 ,-1003 ,27 , -939 
 881,  1207,  1561,  2086  ,1443,  0,  0, 158 , 130 , 6 ,-11, -27 , -29 , -20 , 1003 ,-1083 ,-74 , -959 
 868,  742,  1169,  2179  ,848,  0,  0, 156 , 138 , 6 ,-11, -14 , -47 , -9 , 1062 ,-1085 ,-126 , -978 
 862,  695,  1177,  2277  ,1118,  0,  0, 157 , 113 , 7 ,-11, -25 , -68 , -5 , 1097 ,-1121 ,-196 , -1012 
 891,  904,  1447,  2410  ,1143,  0,  0, 158 , 132 , 4 ,-20, -20 , -29 , -14 , 1039 ,-1094 ,-334 , -968 
 866,  682,  1143,  2193  ,824,  0,  0, 153 , 93 , 5 ,1, -38 , -48 , 11 , 1118 ,-691 ,-327 , -966 
 862,  697,  1037,  1879  ,1305,  0,  0, 159 , 73 , 6 ,-7, -59 , -53 , -6 , 1036 ,-781 ,-174 , -1040 
 895,  704,  1092,  2237  ,864,  0,  0, 156 , 139 , 4 ,2, -9 , 2 , 18 , 943 ,-720 ,-114 , -1133 
 869,  676,  966,  2160  ,1041,  0,  0, 159 , 116 , 6 ,-13, -32 , -54 , -27 , 1053 ,-770 ,-105 , -997 
 914,  1764,  1502,  1374  ,1086,  0,  0, 146 , 147 , 2 ,-25, 0 , -38 , 3 , 1038 ,-704 ,-94 , -941 
 864,  676,  1054,  2073  ,944,  0,  0, 160 , 107 , 7 ,-9, -43 , -62 , -10 , 1005 ,-676 ,0 , -926 
 865,  682,  1184,  2208  ,821,  0,  0, 160 , 108 , 5 ,3, -34 , -22 , 1 , 946 ,-796 ,88 , -939 
 869,  665,  802,  1611  ,1517,  0,  0, 155 , 65 , 7 ,-9, -64 , -53 , -97 , 990 ,-946 ,49 , -946 
 874,  969,  1629,  2254  ,1397,  0,  0, 154 , 117 , 5 ,-9, -19 , -8 , 26 , 981 ,-1079 ,-65 , -963 
 878,  1097,  1479,  2080  ,992,  0,  0, 153 , 136 , 5 ,2, -12 , 0 , 20 , 976 ,-1074 ,-117 , -973 
 868,  695,  1010,  2156  ,1112,  0,  0, 157 , 113 , 5 ,-14, -29 , -51 , 11 , 1082 ,-1107 ,-174 , -1012 
 893,  822,  1500,  2490  ,1142,  0,  0, 152 , 146 , 5 ,-13, -12 , -18 , -47 , 974 ,-1099 ,-317 , -968 
 868,  666,  856,  2139  ,853,  0,  0, 152 , 78 , 6 ,-24, -54 , -53 , -29 , 1014 ,-756 ,-372 , -969 
 866,  658,  725,  1909  ,1282,  0,  0, 157 , 88 , 7 ,2, -61 , -25 , -10 , 985 ,-772 ,-126 , -997 
 870,  693,  1188,  2195  ,836,  0,  0, 155 , 112 , 7 ,8, -31 , -11 , -45 , 965 ,-691 ,-131 , -1139 
 878,  726,  1274,  2235  ,850,  0,  0, 157 , 135 , 6 ,-12, -18 , -25 , -19 , 990 ,-782 ,-107 , -1040 
 894,  1636,  1468,  1448  ,1216,  0,  0, 143 , 126 , 7 ,7, -13 , 0 , -31 , 905 ,-721 ,-94 , -937 
 872,  737,  925,  2109  ,862,  0,  0, 157 , 115 , 5 ,-11, -34 , -66 , -80 , 999 ,-668 ,-48 , -929 
 862,  662,  844,  2082  ,834,  0,  0, 159 , 95 , 5 ,-19, -42 , -62 , 4 , 1041 ,-761 ,60 , -949 
 872,  711,  1244,  1812  ,1415,  0,  0, 161 , 101 , 7 ,-7, -44 , -52 , -5 , 1032 ,-900 ,79 , -933 
 874,  684,  1071,  2095  ,985,  0,  0, 150 , 106 , 5 ,-8, -33 , -33 , -35 , 1020 ,-1065 ,-36 , -950 
 878,  1342,  1772,  2002  ,1463,  0,  0, 155 , 123 , 6 ,-23, -26 , -60 , -30 , 1018 ,-1079 ,-100 , -970 
 876,  702,  1099,  2224  ,948,  0,  0, 152 , 130 , 5 ,-6, -14 , -33 , -15 , 1064 ,-1110 ,-150 , -1005 
 889,  740,  1370,  2400  ,1294,  0,  0, 155 , 121 , 5 ,-23, -17 , -19 , -27 , 965 ,-1109 ,-275 , -995 
 875,  677,  933,  2151  ,1040,  0,  0, 152 , 90 , 4 ,-8, -44 , -24 , 2 , 997 ,-946 ,-401 , -973 
 871,  713,  1518,  2180  ,1132,  0,  0, 157 , 128 , 5 ,-23, -21 , -60 , 37 , 1047 ,-678 ,-160 , -963 
 870,  675,  839,  1911  ,1059,  0,  0, 149 , 57 , 6 ,9, -60 , -9 , -1 , 936 ,-707 ,-183 , -1106 
 880,  738,  1549,  2336  ,833,  0,  0, 158 , 139 , 5 ,0, -14 , -30 , 2 , 1007 ,-768 ,-100 , -1082 
 883,  1066,  1647,  2198  ,1090,  0,  0, 155 , 132 , 5 ,1, -17 , 7 , -21 , 1003 ,-736 ,-105 , -959 
 870,  898,  1220,  2041  ,834,  0,  0, 156 , 112 , 6 ,4, -29 , -6 , -27 , 930 ,-686 ,-57 , -923 
 863,  666,  907,  1993  ,896,  0,  0, 158 , 102 , 6 ,-8, -44 , -68 , -12 , 1032 ,-720 ,46 , -937 
 860,  672,  882,  1978  ,1200,  0,  0, 158 , 132 , 3 ,-10, -23 , -54 , -17 , 1028 ,-850 ,91 , -938 
 874,  669,  852,  1766  ,1218,  0,  0, 140 , 51 , 7 ,-3, -52 , -23 , -4 , 1026 ,-1044 ,2 , -950 
 877,  1337,  1964,  2087  ,1615,  0,  0, 152 , 135 , 4 ,0, -12 , -26 , -36 , 1006 ,-1076 ,-82 , -949 
 866,  682,  951,  2167  ,854,  0,  0, 152 , 129 , 6 ,-7, -16 , -56 , 0 , 1027 ,-1073 ,-127 , -985 
 868,  708,  1164,  2309  ,1172,  0,  0, 154 , 108 , 6 ,-9, -34 , -54 , -2 , 1064 ,-1112 ,-214 , -1000 
 888,  759,  1256,  2342  ,1128,  0,  0, 158 , 120 , 5 ,-14, -21 , -22 , -13 , 998 ,-1066 ,-359 , -958 
 861,  671,  1164,  2222  ,822,  0,  0, 152 , 113 , 5 ,-9, -29 , -47 , -16 , 1045 ,-649 ,-265 , -945 
 866,  669,  924,  1798  ,1334,  0,  0, 155 , 62 , 6 ,-14, -70 , -55 , -40 , 1011 ,-771 ,-180 , -1052 
 901,  709,  1022,  2152  ,874,  0,  0, 155 , 147 , 4 ,-14, -11 , -15 , -1 , 994 ,-732 ,-106 , -1129 
 879,  705,  1172,  2277  ,1150,  0,  0, 156 , 116 , 6 ,-14, -24 , -45 , 2 , 1043 ,-773 ,-101 , -990 
 885,  1002,  1485,  2241  ,867,  0,  0, 161 , 129 , 6 ,-11, -24 , -54 , -8 , 1033 ,-694 ,-95 , -918 
 858,  669,  1117,  2154  ,877,  0,  0, 159 , 115 , 7 ,-10, -38 , -78 , -7 , 1041 ,-684 ,9 , -927 
 865,  869,  1179,  2216  ,864,  0,  0, 152 , 122 , 5 ,-8, -21 , -44 , 2 , 1076 ,-1068 ,-113 , -970 
 876,  740,  1312,  2271  ,994,  0,  0, 155 , 123 , 6 ,5, -26 , -13 , -23 , 978 ,-1109 ,-173 , -999 
 884,  786,  1533,  2482  ,1294,  0,  0, 152 , 128 , 4 ,-6, -15 , -5 , -25 , 983 ,-1111 ,-310 , -964 
 867,  682,  872,  2089  ,912,  0,  0, 149 , 93 , 6 ,-22, -36 , -47 , -4 , 1002 ,-810 ,-390 , -965 
 867,  669,  1081,  1949  ,1289,  0,  0, 155 , 93 , 7 ,-13, -51 , -63 , -20 , 1039 ,-749 ,-129 , -975 
 874,  683,  919,  2140  ,852,  0,  0, 148 , 96 , 6 ,-14, -28 , -20 , 41 , 1022 ,-696 ,-152 , -1135 
 875,  680,  1053,  2186  ,851,  0,  0, 156 , 133 , 5 ,-11, -22 , -49 , 0 , 1042 ,-779 ,-100 , -1055 
 892,  1196,  2018,  2320  ,1010,  0,  0, 158 , 143 , 2 ,-13, -15 , -41 , -8 , 1025 ,-729 ,-107 , -942 
 850,  654,  1017,  2173  ,818,  0,  0, 159 , 111 , 7 ,-1, -37 , -71 , 1 , 1060 ,-673 ,-23 , -920 
 862,  663,  838,  2009  ,887,  0,  0, 156 , 103 , 5 ,-19, -38 , -39 , -7 , 1036 ,-746 ,67 , -931 
 854,  671,  795,  1673  ,1490,  0,  0, 152 , 94 , 7 ,-5, -46 , -52 , -11 , 981 ,-880 ,87 , -937 
 875,  670,  752,  2081  ,897,  0,  0, 150 , 94 , 4 ,-16, -31 , -29 , -21 , 1044 ,-1067 ,-23 , -960 
 874,  1051,  1583,  2388  ,1374,  0,  0, 159 , 122 , 4 ,-17, -22 , -53 , 20 , 1086 ,-1082 ,-93 , -956 
 893,  707,  926,  2105  ,1015,  0,  0, 153 , 146 , 4 ,-13, -13 , -17 , -50 , 985 ,-1089 ,-145 , -995 
 864,  720,  1300,  2417  ,1184,  0,  0, 153 , 108 , 6 ,-5, -35 , -39 , -3 , 995 ,-1112 ,-253 , -999 
 869,  726,  1145,  2226  ,1056,  0,  0, 155 , 90 , 7 ,0, -54 , -35 , -3 , 1003 ,-973 ,-397 , -961 
 882,  1088,  1488,  2133  ,1251,  0,  0, 156 , 120 , 4 ,-5, -27 , -49 , 0 , 1062 ,-760 ,-108 , -975 
 899,  1402,  1271,  1649  ,834,  0,  0, 159 , 135 , 7 ,-15, -16 , -52 , 17 , 1059 ,-681 ,-74 , -923 
 871,  680,  921,  2084  ,866,  0,  0, 156 , 99 , 6 ,-24, -42 , -60 , 19 , 1044 ,-713 ,32 , -934 
 863,  683,  1067,  2147  ,1038,  0,  0, 159 , 132 , 5 ,-1, -21 , -16 , -27 , 938 ,-828 ,93 , -927 
 861,  662,  727,  1945  ,1022,  0,  0, 139 , 52 , 7 ,-14, -52 , -39 , -30 , 1026 ,-1003 ,16 , -938 
 883,  1338,  1803,  2037  ,1516,  0,  0, 152 , 125 , 5 ,-22, -22 , -64 , -37 , 1075 ,-1082 ,-84 , -955 
 862,  696,  1088,  2184  ,838,  0,  0, 152 , 128 , 7 ,-5, -21 , -39 , -2 , 1014 ,-1078 ,-134 , -979 
 875,  758,  1328,  2340  ,1095,  0,  0, 154 , 112 , 4 ,-15, -26 , -37 , -10 , 1005 ,-1103 ,-206 , -1001 
 881,  786,  1375,  2345  ,1260,  0,  0, 150 , 129 , 6 ,-10, -22 , -43 , -42 , 1049 ,-1093 ,-341 , -956 
 871,  673,  964,  2121  ,842,  0,  0, 155 , 119 , 5 ,-5, -24 , -47 , 7 , 1054 ,-775 ,-103 , -1018 
 908,  1668,  1886,  1691  ,1178,  0,  0, 159 , 148 , 4 ,-12, -4 , -34 , 5 , 1029 ,-716 ,-90 , -932 
 870,  675,  975,  2085  ,890,  0,  0, 158 , 114 , 7 ,-3, -32 , -33 , -60 , 1041 ,-679 ,-5 , -925 
 853,  656,  983,  2102  ,879,  0,  0, 157 , 105 , 6 ,-9, -40 , -62 , -7 , 1036 ,-790 ,81 , -935 
 855,  664,  687,  1872  ,1266,  0,  0, 148 , 62 , 6 ,-4, -62 , -54 , -32 , 986 ,-922 ,66 , -929 
 862,  714,  1108,  2304  ,1142,  0,  0, 153 , 110 , 6 ,-10, -39 , -29 , -13 , 993 ,-1067 ,-44 , -948 
 881,  1172,  1680,  2158  ,1184,  0,  0, 151 , 130 , 4 ,-11, -20 , -42 , -58 , 1024 ,-1081 ,-110 , -957 
 882,  696,  933,  2134  ,1038,  0,  0, 154 , 127 , 6 ,-17, -24 , -28 , -14 , 1060 ,-1098 ,-157 , -1002 
 882,  767,  1413,  2450  ,1298,  0,  0, 152 , 119 , 4 ,-12, -22 , -27 , -9 , 1021 ,-1110 ,-291 , -977 
 856,  728,  974,  2207  ,906,  0,  0, 149 , 92 , 8 ,1, -46 , -35 , 9 , 1024 ,-858 ,-398 , -969 
 868,  670,  1076,  2085  ,1215,  0,  0, 156 , 116 , 7 ,-2, -32 , -47 , -7 , 929 ,-709 ,-133 , -956 
 868,  668,  721,  1927  ,975,  0,  0, 144 , 74 , 6 ,0, -53 , -32 , -4 , 997 ,-704 ,-172 , -1119 
 882,  688,  1064,  2152  ,874,  0,  0, 157 , 126 , 5 ,-9, -27 , -44 , -14 , 1038 ,-773 ,-100 , -1080 
 882,  1314,  1632,  1883  ,1210,  0,  0, 154 , 130 , 5 ,-24, -14 , -51 , 20 , 1076 ,-737 ,-101 , -957 
 885,  1119,  1158,  1826  ,869,  0,  0, 156 , 127 , 6 ,-8, -25 , -47 , -5 , 1065 ,-682 ,-70 , -919 
 870,  688,  1029,  2156  ,855,  0,  0, 159 , 94 , 6 ,-13, -47 , -23 , -11 , 916 ,-711 ,47 , -925 
 844,  661,  906,  1912  ,1194,  0,  0, 158 , 125 , 6 ,-10, -30 , -61 , -25 , 998 ,-847 ,93 , -928 
 880,  672,  756,  1890  ,1069,  0,  0, 137 , 65 , 5 ,-13, -51 , -33 , -13 , 1042 ,-1045 ,-8 , -952 
 866,  1378,  1851,  2073  ,1521,  0,  0, 152 , 125 , 4 ,1, -28 , -46 , -99 , 1022 ,-1074 ,-87 , -958 
 876,  694,  1037,  2168  ,861,  0,  0, 150 , 127 , 6 ,-3, -21 , -23 , -22 , 1008 ,-1082 ,-132 , -993 
 871,  709,  1198,  2315  ,1183,  0,  0, 152 , 108 , 6 ,-3, -30 , -47 , 4 , 1005 ,-1105 ,-212 , -1009 
 880,  801,  1393,  2356  ,1241,  0,  0, 151 , 120 , 5 ,-9, -33 , -43 , -21 , 991 ,-1073 ,-346 , -971 
 864,  662,  802,  2100  ,841,  0,  0, 149 , 102 , 5 ,-24, -26 , -67 , 44 , 1125 ,-652 ,-297 , -962 
 873,  660,  777,  1738  ,1287,  0,  0, 150 , 69 , 7 ,0, -66 , -22 , -29 , 994 ,-790 ,-162 , -1027 
 881,  695,  1084,  2274  ,861,  0,  0, 155 , 129 , 5 ,-12, -16 , -38 , 16 , 1036 ,-700 ,-110 , -1141 
 871,  688,  1100,  2226  ,864,  0,  0, 156 , 118 , 6 ,-6, -35 , -48 , -44 , 1009 ,-776 ,-103 , -1012 
 887,  960,  1644,  2314  ,1039,  0,  0, 158 , 132 , 4 ,-5, -18 , -18 , -33 , 984 ,-700 ,-99 , -931 
 862,  664,  903,  2144  ,848,  0,  0, 156 , 124 , 6 ,-2, -26 , -53 , 20 , 1028 ,-687 ,0 , -933 
 869,  671,  975,  2218  ,816,  0,  0, 155 , 108 , 5 ,-1, -27 , 5 , -8 , 944 ,-795 ,83 , -936 
 864,  669,  800,  1715  ,1389,  0,  0, 152 , 62 , 6 ,-7, -67 , -43 , -24 , 1004 ,-928 ,60 , -927 
 880,  798,  1415,  2327  ,1194,  0,  0, 154 , 121 , 4 ,-9, -18 , -15 , -19 , 989 ,-1077 ,-56 , -955 
 878,  1012,  1441,  2201  ,1027,  0,  0, 153 , 131 , 5 ,-12, -14 , -24 , -25 , 972 ,-1077 ,-115 , -969 
 883,  696,  928,  2115  ,1103,  0,  0, 155 , 118 , 6 ,-5, -28 , -20 , -10 , 980 ,-1098 ,-161 , -998 
 885,  841,  1554,  2472  ,1143,  0,  0, 153 , 135 , 5 ,-2, -12 , -6 , 0 , 998 ,-1100 ,-307 , -969 
 863,  665,  877,  2072  ,962,  0,  0, 151 , 77 , 8 ,-11, -49 , -47 , -41 , 1034 ,-813 ,-389 , -969 
 890,  1469,  1439,  1700  ,1326,  0,  0, 154 , 128 , 5 ,-3, -13 , -13 , 13 , 986 ,-734 ,-98 , -951 
 866,  973,  1200,  1892  ,954,  0,  0, 149 , 110 , 7 ,-7, -32 , -56 , -17 , 1017 ,-674 ,-64 , -922 
 875,  690,  1079,  2181  ,873,  0,  0, 158 , 103 , 6 ,-19, -38 , -71 , 4 , 1019 ,-731 ,57 , -937 
 854,  673,  926,  2073  ,1218,  0,  0, 155 , 116 , 5 ,-10, -29 , -57 , -20 , 1060 ,-848 ,94 , -930 
 871,  705,  1231,  2334  ,1367,  0,  0, 155 , 112 , 7 ,-10, -37 , -60 , -61 , 1032 ,-1107 ,-227 , -999 
 884,  958,  1410,  2314  ,988,  0,  0, 154 , 106 , 6 ,-15, -36 , -20 , -87 , 970 ,-1030 ,-374 , -968 
 884,  714,  1435,  2335  ,833,  0,  0, 152 , 122 , 5 ,-20, -16 , -42 , 28 , 1029 ,-641 ,-232 , -950 
 861,  660,  839,  1762  ,1304,  0,  0, 153 , 54 , 7 ,-12, -65 , -65 , -10 , 1043 ,-766 ,-187 , -1072 
 897,  722,  1269,  2291  ,872,  0,  0, 156 , 146 , 4 ,-11, -8 , -27 , -1 , 1039 ,-740 ,-100 , -1119 
 869,  843,  1211,  2219  ,1221,  0,  0, 157 , 107 , 6 ,0, -31 , -42 , 3 , 1055 ,-759 ,-105 , -976 
 897,  1554,  1452,  1504  ,837,  0,  0, 161 , 140 , 6 ,-3, -19 , -17 , 35 , 998 ,-691 ,-78 , -927 
 869,  688,  999,  2118  ,850,  0,  0, 157 , 106 , 7 ,3, -39 , -29 , -42 , 967 ,-691 ,27 , -933 
 874,  676,  956,  2164  ,847,  0,  0, 159 , 135 , 4 ,-20, -19 , -56 , -3 , 1064 ,-824 ,91 , -929 
 848,  650,  670,  1620  ,1447,  0,  0, 145 , 47 , 8 ,-20, -66 , -52 , -6 , 1110 ,-997 ,26 , -945 
 878,  1118,  1531,  2321  ,1397,  0,  0, 154 , 130 , 4 ,-6, -17 , -31 , -9 , 1107 ,-1076 ,-69 , -955 
 865,  671,  935,  2202  ,840,  0,  0, 152 , 126 , 5 ,-7, -20 , -38 , 28 , 1054 ,-1075 ,-126 , -976 
 865,  684,  1024,  2225  ,1186,  0,  0, 155 , 115 , 6 ,-3, -32 , -50 , -8 , 1080 ,-1092 ,-186 , -1003 
 906,  756,  1436,  2495  ,1494,  0,  0, 153 , 135 , 5 ,-8, -21 , -14 , -24 , 995 ,-1084 ,-327 , -969 
 862,  671,  1022,  2174  ,831,  0,  0, 152 , 84 , 7 ,3, -43 , -3 , -2 , 1025 ,-684 ,-331 , -955 
 874,  684,  1093,  1821  ,1330,  0,  0, 154 , 81 , 6 ,-9, -53 , -47 , 12 , 1029 ,-779 ,-167 , -1024 
 883,  693,  1027,  2181  ,855,  0,  0, 154 , 125 , 4 ,-4, -17 , -5 , 12 , 969 ,-702 ,-119 , -1135 
 875,  678,  992,  2145  ,840,  0,  0, 158 , 122 , 6 ,3, -25 , -40 , 18 , 955 ,-772 ,-103 , -1008 
 891,  1734,  1651,  1561  ,1258,  0,  0, 144 , 140 , 4 ,1, 0 , -36 , -2 , 1018 ,-710 ,-95 , -944 
 868,  676,  996,  2048  ,957,  0,  0, 157 , 107 , 8 ,2, -39 , -41 , -9 , 985 ,-672 ,-28 , -928 
 876,  675,  947,  2113  ,862,  0,  0, 158 , 105 , 6 ,-11, -32 , -23 , -11 , 921 ,-781 ,72 , -940 
 852,  664,  698,  2002  ,1095,  0,  0, 152 , 72 , 6 ,-7, -55 , -46 , -44 , 988 ,-905 ,75 , -932 
 865,  683,  1268,  2337  ,1021,  0,  0, 152 , 113 , 5 ,-9, -30 , -52 , -4 , 1003 ,-1067 ,-46 , -949 
 890,  1307,  1729,  2043  ,1313,  0,  0, 155 , 123 , 6 ,-27, -19 , -55 , 30 , 1094 ,-1077 ,-107 , -965 
 881,  702,  1015,  2196  ,1005,  0,  0, 156 , 129 , 5 ,-17, -18 , -57 , -3 , 1060 ,-1096 ,-153 , -1002 
 889,  734,  1371,  2414  ,1410,  0,  0, 155 , 131 , 4 ,-11, -9 , -13 , 8 , 1073 ,-1105 ,-286 , -980 
 871,  669,  865,  2160  ,979,  0,  0, 153 , 89 , 6 ,-8, -45 , -41 , -49 , 1040 ,-883 ,-397 , -969 
 871,  663,  824,  1945  ,1241,  0,  0, 161 , 113 , 5 ,-10, -27 , -32 , 14 , 942 ,-713 ,-123 , -956 
 872,  676,  849,  2110  ,880,  0,  0, 151 , 82 , 6 ,2, -45 , -3 , 14 , 1015 ,-691 ,-164 , -1116 
 883,  700,  1248,  2228  ,847,  0,  0, 160 , 137 , 4 ,-11, -16 , -28 , -31 , 988 ,-778 ,-97 , -1065 
 890,  1166,  1832,  2337  ,1149,  0,  0, 160 , 142 , 5 ,-18, -8 , -42 , 14 , 1041 ,-730 ,-103 , -946 
 870,  679,  1073,  2145  ,851,  0,  0, 159 , 112 , 6 ,0, -33 , 13 , -34 , 932 ,-676 ,-34 , -915 
 867,  672,  980,  2118  ,890,  0,  0, 161 , 105 , 6 ,-5, -35 , -38 , 2 , 956 ,-749 ,65 , -934 
 855,  675,  764,  2056  ,1097,  0,  0, 156 , 100 , 6 ,-11, -34 , -35 , 20 , 1011 ,-863 ,91 , -922 
 865,  672,  1090,  2141  ,888,  0,  0, 152 , 98 , 6 ,-3, -42 , -37 , -52 , 1010 ,-1054 ,-24 , -948 
 891,  1417,  1882,  1990  ,1622,  0,  0, 157 , 136 , 5 ,-8, -16 , -25 , 9 , 1008 ,-1075 ,-97 , -965 
 876,  689,  949,  2161  ,984,  0,  0, 156 , 131 , 5 ,-1, -24 , -36 , -65 , 985 ,-1081 ,-135 , -992 
 881,  717,  1303,  2406  ,1372,  0,  0, 158 , 115 , 5 ,-18, -30 , -51 , -3 , 1034 ,-1117 ,-260 , -987 
 875,  711,  1052,  2147  ,1069,  0,  0, 155 , 87 , 7 ,-24, -56 , -61 , -45 , 1051 ,-928 ,-400 , -967 
 861,  659,  918,  2026  ,1055,  0,  0, 155 , 137 , 5 ,-4, -13 , -46 , 5 , 1110 ,-683 ,-140 , -950 
 874,  671,  790,  1780  ,1136,  0,  0, 149 , 64 , 6 ,-7, -53 , -28 , -6 , 1018 ,-713 ,-181 , -1115 
 887,  694,  1068,  2214  ,858,  0,  0, 161 , 127 , 5 ,-17, -29 , -46 , 14 , 1061 ,-756 ,-94 , -1095 
 882,  1052,  1622,  2189  ,1189,  0,  0, 155 , 133 , 2 ,-11, -12 , -54 , 15 , 1094 ,-749 ,-102 , -963 
 875,  1046,  1257,  1944  ,860,  0,  0, 157 , 115 , 6 ,-1, -35 , -52 , -28 , 981 ,-685 ,-70 , -921 
 870,  669,  859,  2062  ,928,  0,  0, 159 , 103 , 6 ,-6, -38 , -44 , -6 , 1000 ,-702 ,39 , -926 
 861,  672,  944,  1950  ,1101,  0,  0, 157 , 140 , 4 ,-5, -12 , -50 , 4 , 1018 ,-837 ,99 , -930 
 879,  676,  823,  1722  ,1280,  0,  0, 146 , 49 , 6 ,-15, -62 , -42 , -13 , 1056 ,-1019 ,16 , -938 
 883,  1197,  2002,  2308  ,1448,  0,  0, 156 , 142 , 5 ,2, -13 , -18 , -15 , 993 ,-1076 ,-78 , -950 
 876,  684,  877,  2110  ,863,  0,  0, 154 , 128 , 5 ,-8, -27 , -44 , 19 , 1015 ,-1084 ,-135 , -982 
 881,  710,  1177,  2296  ,1259,  0,  0, 155 , 114 , 6 ,-9, -35 , -30 , -51 , 953 ,-1101 ,-214 , -1000 
 884,  730,  1192,  2324  ,1165,  0,  0, 154 , 112 , 6 ,1, -40 , -12 , -38 , 953 ,-1074 ,-352 , -966 
 868,  665,  908,  2127  ,841,  0,  0, 151 , 116 , 5 ,-18, -27 , -53 , -19 , 1077 ,-645 ,-270 , -954 
 865,  657,  780,  1769  ,1307,  0,  0, 154 , 54 , 6 ,-4, -66 , -17 , -9 , 941 ,-783 ,-170 , -1035 
 886,  711,  1329,  2299  ,854,  0,  0, 155 , 143 , 4 ,-21, -12 , -51 , 3 , 1053 ,-724 ,-106 , -1132 
 869,  678,  1080,  2296  ,1065,  0,  0, 156 , 115 , 7 ,12, -35 , -19 , -20 , 933 ,-767 ,-107 , -1001 
 904,  1691,  1476,  1375  ,1051,  0,  0, 150 , 146 , 3 ,-10, -3 , -42 , -7 , 1050 ,-698 ,-89 , -926 
 866,  670,  1015,  2162  ,902,  0,  0, 158 , 101 , 7 ,-23, -38 , -65 , -17 , 1038 ,-674 ,4 , -920 
 865,  666,  908,  2175  ,837,  0,  0, 157 , 113 , 5 ,-5, -24 , -26 , 12 , 1023 ,-806 ,91 , -936 
 860,  665,  730,  1753  ,1402,  0,  0, 147 , 52 , 5 ,-16, -69 , -59 , 11 , 1059 ,-936 ,55 , -929 
 864,  782,  1461,  2324  ,1246,  0,  0, 153 , 129 , 5 ,-9, -17 , -53 , -18 , 1080 ,-1067 ,-54 , -951 
 875,  896,  1270,  2231  ,899,  0,  0, 151 , 117 , 3 ,-23, -23 , -57 , -23 , 1073 ,-1075 ,-113 , -967 
 880,  772,  1445,  2323  ,998,  0,  0, 156 , 131 , 6 ,-5, -27 , -59 , -45 , 1008 ,-1091 ,-164 , -1004 
 884,  765,  1480,  2495  ,1278,  0,  0, 152 , 124 , 4 ,-26, -10 , -45 , 37 , 1073 ,-1098 ,-302 , -980 
 882,  974,  1184,  1892  ,927,  0,  0, 151 , 108 , 5 ,-16, -31 , -50 , -2 , 1065 ,-669 ,-63 , -921 
 870,  680,  1077,  2055  ,925,  0,  0, 158 , 104 , 7 ,-1, -37 , -28 , 3 , 1016 ,-720 ,52 , -930 
 852,  670,  879,  2116  ,1130,  0,  0, 158 , 115 , 4 ,-8, -28 , -65 , -22 , 1001 ,-846 ,93 , -924 
 873,  666,  770,  1979  ,967,  0,  0, 144 , 81 , 6 ,-6, -51 , -30 , -86 , 987 ,-1036 ,-7 , -947 
 886,  1243,  1858,  2231  ,1506,  0,  0, 154 , 132 , 3 ,-22, -7 , -42 , -8 , 1074 ,-1072 ,-94 , -964 
 883,  690,  918,  2132  ,869,  0,  0, 150 , 126 , 5 ,-17, -20 , -37 , -36 , 1035 ,-1080 ,-139 , -989 
 871,  729,  1252,  2363  ,1187,  0,  0, 153 , 107 , 5 ,-2, -32 , -54 , -61 , 984 ,-1112 ,-233 , -1008 
 883,  754,  1258,  2258  ,1218,  0,  0, 151 , 109 , 7 ,-9, -33 , -39 , 0 , 1021 ,-1044 ,-360 , -958 
 871,  681,  1190,  2207  ,828,  0,  0, 150 , 115 , 5 ,-21, -26 , -34 , -31 , 1004 ,-637 ,-252 , -950 
 860,  651,  774,  1664  ,1446,  0,  0, 150 , 53 , 8 ,-6, -71 , -55 , -24 , 1024 ,-771 ,-180 , -1047 
 897,  704,  1110,  2194  ,867,  0,  0, 152 , 145 , 4 ,-7, -8 , -21 , -22 , 1035 ,-711 ,-99 , -1128 
 864,  676,  1087,  2308  ,1070,  0,  0, 152 , 111 , 6 ,-16, -30 , -63 , 33 , 1077 ,-759 ,-103 , -986 
 898,  1711,  1678,  1471  ,1040,  0,  0, 156 , 148 , 4 ,-14, -10 , -45 , -36 , 1045 ,-694 ,-90 , -924 
 870,  673,  966,  2096  ,893,  0,  0, 156 , 100 , 6 ,-4, -33 , -50 , -5 , 930 ,-664 ,10 , -925 
 879,  680,  896,  2167  ,849,  0,  0, 154 , 111 , 4 ,-21, -21 , -63 , -1 , 1060 ,-805 ,89 , -933 
 856,  662,  695,  1644  ,1467,  0,  0, 144 , 54 , 6 ,-11, -62 , -55 , -42 , 1047 ,-946 ,59 , -928 
 856,  776,  1197,  2338  ,1155,  0,  0, 150 , 109 , 5 ,0, -33 , -15 , -63 , 1031 ,-1065 ,-51 , -946 
 890,  1344,  1723,  1879  ,1202,  0,  0, 149 , 132 , 7 ,-8, -19 , -34 , -27 , 1044 ,-1080 ,-111 , -965 
 877,  692,  970,  2240  ,1050,  0,  0, 151 , 123 , 6 ,4, -28 , -25 , -1 , 1029 ,-1097 ,-154 , -992 
 894,  750,  1438,  2442  ,1295,  0,  0, 149 , 128 , 5 ,-10, -15 , -27 , -16 , 1024 ,-1099 ,-294 , -977 
 861,  666,  894,  2074  ,966,  0,  0, 149 , 75 , 8 ,-18, -57 , -60 , -65 , 1005 ,-859 ,-404 , -961 
 876,  678,  1072,  2050  ,1238,  0,  0, 153 , 123 , 5 ,-13, -20 , -54 , -8 , 1048 ,-708 ,-133 , -959 
 873,  672,  722,  1985  ,963,  0,  0, 144 , 70 , 6 ,2, -52 , -29 , -9 , 1048 ,-694 ,-176 , -1110 
 892,  685,  758,  2106  ,903,  0,  0, 154 , 128 , 6 ,-3, -15 , -2 , -3 , 972 ,-765 ,-102 , -1092 
 891,  1223,  1637,  2003  ,1260,  0,  0, 152 , 118 , 5 ,-15, -32 , -51 , -26 , 1029 ,-737 ,-101 , -951 
 912,  1266,  1162,  1671  ,863,  0,  0, 155 , 131 , 6 ,-5, -22 , -49 , -35 , 1013 ,-671 ,-79 , -917 
 856,  660,  959,  2047  ,868,  0,  0, 157 , 96 , 7 ,-7, -45 , -75 , -28 , 1049 ,-702 ,32 , -934 
 859,  668,  910,  2057  ,1158,  0,  0, 162 , 137 , 4 ,-13, -16 , -47 , -17 , 1038 ,-828 ,86 , -927 
 867,  714,  1232,  2334  ,1153,  0,  0, 155 , 109 , 6 ,-11, -37 , -53 , -74 , 911 ,-1108 ,-212 , -1008 
 892,  752,  1315,  2281  ,1196,  0,  0, 151 , 122 , 5 ,-13, -27 , -37 , -4 , 1021 ,-1081 ,-348 , -960 
 871,  685,  1179,  2205  ,832,  0,  0, 149 , 103 , 5 ,-30, -25 , -54 , 44 , 1104 ,-665 ,-322 , -958 
 882,  673,  900,  1754  ,1361,  0,  0, 150 , 74 , 6 ,-11, -58 , -39 , -29 , 1043 ,-777 ,-167 , -1023 
 884,  700,  1070,  2242  ,864,  0,  0, 151 , 120 , 5 ,-4, -18 , -26 , 14 , 965 ,-698 ,-118 , -1130 
 868,  677,  1043,  2228  ,834,  0,  0, 152 , 115 , 7 ,9, -25 , -48 , 11 , 1027 ,-764 ,-106 , -1003 
 870,  672,  932,  2068  ,914,  0,  0, 154 , 103 , 6 ,-11, -35 , -64 , -14 , 1039 ,-781 ,79 , -937 
 855,  662,  744,  1567  ,1521,  0,  0, 145 , 63 , 7 ,-4, -58 , -42 , 0 , 1022 ,-896 ,76 , -922 
 864,  669,  959,  2207  ,999,  0,  0, 151 , 114 , 6 ,4, -35 , -42 , -13 , 1049 ,-1064 ,-46 , -949 
 883,  1307,  1794,  2110  ,1338,  0,  0, 154 , 120 , 5 ,-21, -20 , -61 , 25 , 1101 ,-1067 ,-110 , -960 
 878,  750,  1214,  2282  ,936,  0,  0, 151 , 137 , 5 ,-8, -13 , -33 , 5 , 1039 ,-1084 ,-160 , -992 
 881,  728,  1354,  2470  ,1323,  0,  0, 152 , 111 , 6 ,0, -34 , -36 , 14 , 1015 ,-1115 ,-289 , -980 
 863,  672,  965,  2086  ,1041,  0,  0, 148 , 91 , 6 ,0, -49 , -36 , -20 , 1028 ,-919 ,-405 , -960 
 872,  701,  1371,  2154  ,1104,  0,  0, 156 , 129 , 5 ,-6, -23 , -57 , 30 , 1041 ,-670 ,-158 , -955 
 879,  678,  806,  1860  ,1104,  0,  0, 148 , 55 , 7 ,-16, -62 , -26 , -4 , 1024 ,-706 ,-188 , -1108 
 887,  693,  1199,  2268  ,851,  0,  0, 156 , 134 , 4 ,-7, -22 , -35 , -34 , 993 ,-762 ,-102 , -1090 
 892,  1168,  1675,  2088  ,1164,  0,  0, 152 , 129 , 3 ,-17, -17 , -59 , 4 , 1074 ,-748 ,-106 , -962 
 876,  1081,  1265,  1887  ,856,  0,  0, 156 , 114 , 5 ,-6, -31 , -56 , -70 , 927 ,-676 ,-82 , -916 
 873,  668,  867,  2067  ,898,  0,  0, 154 , 101 , 7 ,-14, -43 , -48 , -6 , 1045 ,-699 ,26 , -933 
 872,  680,  961,  2134  ,1031,  0,  0, 153 , 142 , 2 ,-12, -10 , -52 , -1 , 1087 ,-834 ,90 , -926 
 869,  668,  706,  1688  ,1374,  0,  0, 138 , 43 , 7 ,-25, -60 , -51 , -32 , 1004 ,-1014 ,8 , -941 
 878,  1209,  1579,  2201  ,1494,  0,  0, 151 , 125 , 5 ,2, -26 , -36 , -19 , 1002 ,-1073 ,-81 , -950 
 870,  688,  1041,  2216  ,847,  0,  0, 151 , 127 , 7 ,0, -20 , -15 , 3 , 984 ,-1068 ,-129 , -977 
 871,  699,  1130,  2228  ,1146,  0,  0, 153 , 111 , 6 ,-9, -32 , -40 , 42 , 1048 ,-1103 ,-193 , -1005 
 900,  891,  1574,  2366  ,1258,  0,  0, 149 , 139 , 4 ,-7, -7 , -16 , -38 , 953 ,-1090 ,-339 , -968 
 869,  663,  834,  1989  ,956,  0,  0, 148 , 77 , 6 ,-10, -52 , -31 , -3 , 1038 ,-735 ,-371 , -961 
 872,  664,  791,  1815  ,1331,  0,  0, 150 , 81 , 5 ,-4, -50 , -33 , -52 , 1001 ,-769 ,-138 , -993 
 866,  670,  898,  2155  ,851,  0,  0, 149 , 108 , 6 ,-1, -30 , -43 , 44 , 1033 ,-691 ,-133 , -1138 
 870,  683,  1143,  2295  ,846,  0,  0, 151 , 121 , 6 ,-12, -22 , -50 , -38 , 1069 ,-774 ,-104 , -1031 
 903,  1726,  1873,  1574  ,1206,  0,  0, 152 , 141 , 4 ,-16, -8 , -47 , -7 , 1031 ,-715 ,-99 , -943 
 880,  699,  936,  2038  ,972,  0,  0, 152 , 112 , 5 ,-12, -30 , -47 , 45 , 1009 ,-666 ,-41 , -926 
 864,  661,  880,  2084  ,913,  0,  0, 154 , 95 , 6 ,-4, -40 , -67 , -4 , 1020 ,-744 ,59 , -930 
 844,  658,  762,  1709  ,1389,  0,  0, 149 , 99 , 7 ,-15, -39 , -68 , -21 , 1054 ,-864 ,87 , -925 
 882,  684,  1030,  2146  ,882,  0,  0, 143 , 82 , 4 ,-22, -39 , -45 , -29 , 1036 ,-1048 ,-22 , -943 
 890,  1302,  1802,  2162  ,1604,  0,  0, 148 , 135 , 5 ,-6, -10 , -17 , -14 , 965 ,-1072 ,-88 , -957 
 877,  685,  836,  2107  ,873,  0,  0, 148 , 122 , 5 ,-2, -22 , -32 , -32 , 950 ,-1084 ,-145 , -989 
 874,  702,  1200,  2353  ,1293,  0,  0, 149 , 107 , 6 ,-19, -28 , -56 , -16 , 1051 ,-1097 ,-240 , -990 
 882,  845,  1329,  2292  ,1062,  0,  0, 151 , 104 , 6 ,3, -33 , -18 , -35 , 992 ,-1035 ,-374 , -956 
 873,  687,  1244,  2286  ,826,  0,  0, 147 , 114 , 7 ,-14, -25 , -53 , -4 , 1104 ,-643 ,-262 , -958 
 862,  656,  814,  1785  ,1317,  0,  0, 151 , 55 , 6 ,-7, -66 , -22 , -13 , 981 ,-771 ,-184 , -1049 
 899,  703,  1023,  2253  ,881,  0,  0, 152 , 142 , 4 ,-9, -11 , -25 , -19 , 1004 ,-721 ,-110 , -1128 
 876,  696,  1160,  2230  ,1008,  0,  0, 153 , 115 , 7 ,-6, -28 , -47 , -6 , 1043 ,-767 ,-109 , -997 
 890,  959,  1558,  2289  ,884,  0,  0, 153 , 125 , 6 ,-8, -22 , -27 , 20 , 1015 ,-699 ,-107 , -923 
 872,  689,  1071,  2101  ,868,  0,  0, 152 , 124 , 5 ,-4, -24 , -14 , -83 , 935 ,-683 ,-2 , -921 
 867,  664,  851,  2088  ,849,  0,  0, 152 , 101 , 6 ,-15, -34 , -61 , 22 , 1091 ,-788 ,83 , -928 
 851,  666,  721,  1865  ,1289,  0,  0, 144 , 58 , 7 ,-8, -63 , -42 , -34 , 1032 ,-908 ,67 , -919 
 862,  684,  1068,  2210  ,1048,  0,  0, 147 , 111 , 5 ,-1, -25 , -39 , -14 , 1047 ,-1078 ,-52 , -946 
 879,  742,  1062,  2173  ,981,  0,  0, 143 , 91 , 7 ,-10, -46 , -49 , -6 , 1063 ,-974 ,-391 , -952 
 882,  684,  1006,  2127  ,872,  0,  0, 147 , 131 , 5 ,-11, -16 , -17 , 0 , 972 ,-650 ,-194 , -943 
 859,  648,  662,  1674  ,1318,  0,  0, 144 , 41 , 8 ,0, -74 , -48 , -24 , 967 ,-724 ,-195 , -1082 
 893,  709,  1368,  2327  ,858,  0,  0, 151 , 150 , 4 ,1, -6 , -19 , -44 , 989 ,-742 ,-99 , -1108 
 872,  780,  1228,  2261  ,1236,  0,  0, 148 , 92 , 7 ,-9, -36 , -67 , 18 , 1005 ,-758 ,-110 , -976 
 901,  1650,  1512,  1366  ,917,  0,  0, 152 , 149 , 5 ,-3, -9 , -28 , 9 , 1020 ,-702 ,-91 , -920 
 871,  675,  934,  2089  ,890,  0,  0, 152 , 95 , 6 ,-20, -42 , -64 , -35 , 989 ,-666 ,3 , -914 
 879,  688,  1032,  2140  ,853,  0,  0, 148 , 109 , 4 ,-23, -27 , -48 , 41 , 1072 ,-802 ,84 , -915 
 880,  680,  860,  1619  ,1553,  0,  0, 147 , 65 , 7 ,-19, -57 , -46 , -45 , 1072 ,-927 ,56 , -919 
 858,  782,  1217,  2314  ,1190,  0,  0, 146 , 104 , 7 ,2, -34 , -44 , -12 , 995 ,-1056 ,-56 , -936 
 888,  1211,  1529,  1973  ,1148,  0,  0, 145 , 132 , 5 ,-8, -12 , -29 , -6 , 1019 ,-1074 ,-115 , -963 
 873,  704,  1175,  2268  ,1050,  0,  0, 150 , 119 , 5 ,-4, -18 , -32 , 13 , 1047 ,-1096 ,-163 , -991 
 879,  830,  1452,  2523  ,1168,  0,  0, 145 , 118 , 5 ,5, -23 , -37 , 22 , 1029 ,-1107 ,-294 , -975 
 871,  682,  923,  2043  ,1044,  0,  0, 145 , 83 , 6 ,4, -39 , -27 , -1 , 1003 ,-920 ,-400 , -956 
 872,  668,  991,  2052  ,1166,  0,  0, 150 , 127 , 6 ,-1, -22 , -24 , -10 , 916 ,-676 ,-144 , -934 
 879,  680,  795,  1879  ,1092,  0,  0, 142 , 51 , 6 ,-25, -63 , -43 , -26 , 1025 ,-724 ,-194 , -1101 
 885,  681,  878,  2161  ,871,  0,  0, 153 , 133 , 4 ,-9, -27 , -25 , -36 , 979 ,-754 ,-102 , -1100 
 884,  996,  1348,  2120  ,1323,  0,  0, 148 , 109 , 5 ,-11, -22 , -57 , 23 , 1123 ,-753 ,-108 , -965 
 891,  1422,  1116,  1472  ,846,  0,  0, 142 , 130 , 6 ,-12, -13 , -44 , -6 , 1042 ,-687 ,-94 , -924 
 870,  662,  813,  2082  ,883,  0,  0, 152 , 107 , 7 ,-7, -29 , -45 , 22 , 983 ,-666 ,15 , -919 
 869,  672,  1025,  2161  ,857,  0,  0, 154 , 119 , 5 ,-9, -23 , -43 , -2 , 1064 ,-814 ,89 , -922 
 870,  662,  751,  1607  ,1523,  0,  0, 153 , 54 , 9 ,-9, -72 , -62 , -78 , 1030 ,-954 ,45 , -925 
 880,  1024,  1395,  2178  ,1496,  0,  0, 147 , 123 , 3 ,-21, -16 , -38 , -61 , 1009 ,-1076 ,-73 , -956 
 866,  886,  1249,  2130  ,868,  0,  0, 147 , 125 , 6 ,0, -26 , -47 , -29 , 1030 ,-1058 ,-113 , -960 
 880,  817,  1540,  2550  ,1203,  0,  0, 144 , 127 , 6 ,-5, -9 , -21 , 0 , 1137 ,-1094 ,-308 , -974 
 863,  670,  891,  2028  ,973,  0,  0, 146 , 75 , 8 ,-9, -51 , -57 , 11 , 1027 ,-820 ,-388 , -968 
 873,  660,  870,  1863  ,1286,  0,  0, 152 , 112 , 5 ,-13, -33 , -56 , 5 , 1037 ,-740 ,-131 , -967 
 887,  1335,  1668,  1823  ,1262,  0,  0, 153 , 126 , 5 ,-13, -14 , -48 , -29 , 985 ,-733 ,-97 , -946 
 884,  1033,  1126,  1806  ,910,  0,  0, 152 , 112 , 6 ,-15, -26 , -54 , -9 , 1046 ,-675 ,-70 , -910 
 864,  666,  970,  2068  ,875,  0,  0, 153 , 101 , 7 ,-15, -39 , -71 , -14 , 1083 ,-709 ,48 , -921 
 856,  666,  797,  2132  ,990,  0,  0, 155 , 125 , 3 ,-8, -21 , -82 , -27 , 1008 ,-830 ,91 , -920 
 869,  663,  691,  1928  ,942,  0,  0, 134 , 55 , 7 ,-8, -46 , -9 , -17 , 1022 ,-1019 ,14 , -945 
 892,  1104,  1654,  2403  ,1413,  0,  0, 146 , 128 , 5 ,-7, -17 , -17 , -17 , 1004 ,-1069 ,-75 , -946 
 876,  684,  1026,  2194  ,843,  0,  0, 148 , 118 , 5 ,-21, -23 , -32 , 21 , 999 ,-1072 ,-133 , -975 
 865,  651,  740,  1799  ,1324,  0,  0, 151 , 85 , 6 ,-3, -54 , -33 , -19 , 981 ,-770 ,-129 , -976 
 887,  698,  1121,  2201  ,849,  0,  0, 145 , 105 , 6 ,-9, -25 , -46 , 23 , 1004 ,-684 ,-139 , -1131 
 867,  665,  956,  2222  ,844,  0,  0, 150 , 116 , 4 ,-15, -24 , -65 , 43 , 1079 ,-772 ,-98 , -1048 
 896,  1496,  1453,  1673  ,1444,  0,  0, 149 , 131 , 5 ,-7, -7 , -22 , -3 , 1055 ,-727 ,-98 , -942 
 878,  971,  1199,  1986  ,858,  0,  0, 153 , 113 , 5 ,-12, -27 , -42 , -16 , 1061 ,-670 ,-49 , -912 
 864,  660,  904,  2056  ,912,  0,  0, 151 , 100 , 6 ,-13, -36 , -60 , 20 , 1083 ,-735 ,60 , -929 
 845,  659,  766,  2024  ,1216,  0,  0, 154 , 112 , 5 ,-6, -30 , -74 , 9 , 1042 ,-841 ,90 , -919 
 880,  674,  866,  2088  ,903,  0,  0, 136 , 67 , 7 ,-6, -47 , -25 , 24 , 1017 ,-1039 ,-3 , -937 
 